"FREQ","Frequency","BORROWERS_CTY","Borrowers' country","DSR_BORROWERS","Borrowers","Time Period","1999-Q1","1999-Q2","1999-Q3","1999-Q4","2000-Q1","2000-Q2","2000-Q3","2000-Q4","2001-Q1","2001-Q2","2001-Q3","2001-Q4","2002-Q1","2002-Q2","2002-Q3","2002-Q4","2003-Q1","2003-Q2","2003-Q3","2003-Q4","2004-Q1","2004-Q2","2004-Q3","2004-Q4","2005-Q1","2005-Q2","2005-Q3","2005-Q4","2006-Q1","2006-Q2","2006-Q3","2006-Q4","2007-Q1","2007-Q2","2007-Q3","2007-Q4","2008-Q1","2008-Q2","2008-Q3","2008-Q4","2009-Q1","2009-Q2","2009-Q3","2009-Q4","2010-Q1","2010-Q2","2010-Q3","2010-Q4","2011-Q1","2011-Q2","2011-Q3","2011-Q4","2012-Q1","2012-Q2","2012-Q3","2012-Q4","2013-Q1","2013-Q2","2013-Q3","2013-Q4","2014-Q1","2014-Q2","2014-Q3","2014-Q4","2015-Q1","2015-Q2","2015-Q3","2015-Q4","2016-Q1","2016-Q2","2016-Q3","2016-Q4","2017-Q1","2017-Q2","2017-Q3","2017-Q4","2018-Q1","2018-Q2","2018-Q3","2018-Q4","2019-Q1","2019-Q2"
"Q","Quarterly","AU","Australia","H","Households & NPISHs","Q:AU:H","10","10.1","10.2","10.5","10.9","11.6","11.6","11.6","11.3","10.8","11","10.7","10.8","11.5","11.9","12.1","12.3","12.5","12.9","13.1","13.8","13.8","14","14.1","14.2","14.5","14.8","14.9","15","15.3","15.8","16.2","16.2","16.3","16.6","16.8","17","17.5","17","16.2","15.7","15","15.3","15.5","15.9","16.5","16.3","16.7","16.4","16.5","16.4","15.9","16.1","15.8","15.6","15.4","15.3","15.2","15.1","15","15","15","14.9","14.9","14.9","14.9","14.9","14.9","15","15.2","15.1","15.2","15.3","15.4","15.4","15.4","15.5","15.5","15.5","15.6","15.6","15.6"
"Q","Quarterly","AU","Australia","N","Non-financial corporations","Q:AU:N","44.3","43.6","44.2","44.8","45.8","44.9","44.5","45.2","45.1","44.6","44.1","42.3","41.5","41.8","42.4","41.9","40.9","39.9","39","38.9","38.7","39.3","40.7","42.3","42.8","44.6","45.3","45.8","46","46.6","47.8","48.6","49","49","51","52.4","54","54","53.2","51.5","48.3","45.4","44.7","44.5","44.9","44.1","43.6","42.7","42.5","42.3","42.3","41.4","40.9","40.2","40.7","41.4","41.6","42.3","42.5","42.9","42.9","43.6","44.8","46.2","48.3","50","52.5","54.3","55.6","56.6","55.6","53.4","49.9","48.1","46.4","46.3","47.3","47.4","48.1","47.5","46.7","45.2"
"Q","Quarterly","AU","Australia","P","Private non-financial sector","Q:AU:P","16.3","16.2","16.4","16.8","17.3","17.9","17.9","18.1","17.8","17.1","17.1","16.5","16.4","17","17.5","17.6","17.6","17.6","17.8","18","18.5","18.6","18.9","19.2","19.4","19.8","20.2","20.5","20.7","21.1","21.8","22.3","22.4","22.5","23.2","23.6","24","24.3","23.7","22.9","22","20.9","20.8","20.9","21.2","21.6","21.4","21.5","21.2","21.2","21.1","20.6","20.6","20.3","20.2","20","20","20.1","19.9","20","19.9","20","20","20.2","20.4","20.5","20.8","21","21.2","21.3","21.2","21.1","20.8","20.8","20.6","20.6","20.8","20.8","21","21.1","21","20.8"
"Q","Quarterly","BE","Belgium","H","Households & NPISHs","Q:BE:H","6.1","6","6.1","6","6","5.9","5.8","5.8","5.7","5.6","5.5","5.4","5.4","5.4","5.5","5.5","5.5","5.5","5.5","5.5","5.5","5.5","5.5","5.6","5.6","5.7","5.8","5.8","5.9","5.9","5.9","6","6.1","6.1","6.2","6.3","6.3","6.4","6.5","6.5","6.6","6.6","6.7","6.7","6.8","6.8","6.8","6.8","6.8","6.9","6.9","7.1","7.1","7.2","7.1","7.1","7","7","7","7","7.1","7.2","7.3","7.3","7.4","7.3","7.3","7.4","7.4","7.4","7.3","7.3","7.2","7.2","7.2","7.2","7.2","7.2","7.2","7.2","7.2","7.2"
"Q","Quarterly","BE","Belgium","N","Non-financial corporations","Q:BE:N","37.4","38.7","40.8","41.9","42.5","42.3","43.1","43.4","43.1","44.9","44.7","45.4","45.4","46.8","46.4","44.9","43.6","44.2","44.3","44.8","45.3","44.9","45.4","45.8","45.4","45.4","45","44.2","42.9","44.3","43.3","42.8","43.1","42.2","43.5","44.4","44.6","43.6","44.7","47.3","49.3","53.2","53.4","52","50.3","50.6","48","46.3","46.5","47.1","47.4","48","49.2","51.1","51.8","51.4","52.1","52.4","49.9","49.3","47.7","48.1","48.7","49.1","50.6","47.6","48.3","46.9","51.9","54.2","55.3","56.6","54.8","54.5","52.2","51","51.4","51.9","51.9","49.5","49.9","49.7"
"Q","Quarterly","BE","Belgium","P","Private non-financial sector","Q:BE:P","13.9","14.2","15","15.4","15.7","15.9","16.2","16.4","16.3","16.6","16.6","16.7","16.8","17","16.7","16.4","16.2","16.3","16.4","16.6","16.9","17","17.2","17.3","17.2","17.2","17.1","16.9","16.7","16.8","16.8","16.8","17","17.2","17.5","17.9","18.2","18.3","18.7","19.3","19.4","19.9","20","19.9","19.7","19.8","19.3","19","19.2","19.5","19.6","19.9","20.3","20.6","20.6","20.3","20.4","20.5","20","19.9","19.6","19.9","20.1","20.3","21","20.1","20.5","20.2","21.7","22.3","22.3","22.4","22.1","21.8","21.2","20.9","20.9","21","20.9","20.1","20.1","20"
"Q","Quarterly","BR","Brazil","P","Private non-financial sector","Q:BR:P","40","32.9","27.2","24.2","19.2","18.8","17.5","17.5","17.3","18.3","22.6","22.6","21.9","21.4","25.5","27.3","28.9","27","23.5","20.5","18.4","17.9","17.4","16.8","17.4","17.7","17.8","17.7","17.4","16.8","16","15.9","14.6","13.2","12.5","12","13.8","14.4","16.7","20","17.9","16","15","14.6","13.7","13.4","13.8","13.9","15.8","16.7","16.6","16.7","16.8","16","14.9","14.5","14.4","14.4","15","15.6","16.2","16.6","16.8","17.3","18.5","19.9","21.6","22.9","23.5","23.5","23.2","22.8","22.1","19.7","19.2","18","17.8","16.7","16.6","17","17.5","17.9"
"Q","Quarterly","CA","Canada","H","Households & NPISHs","Q:CA:H","10.6","10.5","10.5","10.5","10.7","11","11","11.1","10.9","10.7","10.5","10.3","10.1","10.1","10.2","10.4","10.2","10.4","10.6","10.6","10.7","10.8","10.8","10.8","11.1","11.2","11.4","11.4","11.7","12","12.2","12.3","12.4","12.6","12.9","13.1","13.1","13.1","13","12.8","12.5","12.4","12.5","12.5","12.4","12.6","12.5","12.6","12.6","12.6","12.6","12.6","12.5","12.5","12.5","12.4","12.4","12.4","12.4","12.4","12.3","12.3","12.4","12.4","12.3","12.2","12.3","12.3","12.4","12.6","12.6","12.8","12.7","12.8","12.8","13","12.9","13","13.1","13.2","13.2","13.3"
"Q","Quarterly","CA","Canada","N","Non-financial corporations","Q:CA:N","58","56.6","54.3","51.7","51.7","51","50.8","49.7","49.7","49.1","49.3","48.8","50.9","50.6","50.1","49.2","46.6","45.8","44.8","43.5","44.6","43.7","43","42.1","40.6","41.3","39.1","37.1","37.8","36.2","37.7","39.6","41.3","42.4","41.8","41.3","41.1","38.9","38.8","40.3","41.3","44.7","47.3","47.2","46.1","44.3","43.5","41.9","41.2","41.2","41.6","41","41.9","42.7","43.5","44.7","45.6","46.5","46","46.4","47.5","46.4","46.4","46.8","49.4","51.2","54.1","57.5","57.8","57.8","58.2","57.1","56.3","55.9","55.5","55.8","56.2","56.8","55.7","56.4","56.8","56.6"
"Q","Quarterly","CA","Canada","P","Private non-financial sector","Q:CA:P","21.4","21.2","20.7","20.2","20.7","20.9","21.1","20.6","20.5","20.6","20.4","20.2","20.5","20.2","20.2","20.2","19.4","19.5","19.4","19","19.5","19.4","19.3","19.1","19","19.5","19","18.5","18.9","18.5","19.1","19.6","20","20.6","20.4","20.6","20.6","20","20.1","20.3","19.7","20.4","20.7","20.6","20.6","20.3","20.3","19.9","19.8","19.9","20.4","20.2","20.4","20.7","20.8","21","21.1","21.4","21.1","21.3","21.9","21.5","21.6","21.9","22.3","22.4","23","23.6","23.8","24","24.3","24.3","24.2","24.3","24.2","24.3","24.1","24.4","24.2","24.4","24.4","24.3"
"Q","Quarterly","CH","Switzerland","P","Private non-financial sector","Q:CH:P","16.9","17.1","17.1","17","17.2","16.8","16.9","17","17.2","17.3","17.1","16.8","16.8","16.8","16.6","16.5","16.5","16.5","16.4","16.3","16.2","16","15.8","15.6","15.8","15.7","15.7","15.5","15.5","15.3","15.6","15.5","15.8","16.1","16.3","16.8","16.8","16.8","17","16.9","17.1","17.4","17.6","17.7","17.7","17.3","17.2","17.2","17.1","17.3","17.3","17.4","17.5","17.5","17.6","17.7","17.7","17.5","17.3","17.4","17.3","17.4","17.3","17.1","17.1","17","17.1","16.9","17.1","17.2","17.3","17.3","17.4","17.5","17.7","17.8","18","18","18","17.9","18","18.1"
"Q","Quarterly","CN","China","P","Private non-financial sector","Q:CN:P","10.9","10.7","10.9","12.1","12.1","11.8","11.9","12.2","11.1","11.3","11.2","11.3","11.9","12.2","12.4","12.5","12.8","13.4","13.6","13.5","13.8","13.4","13.2","13.2","13.1","12.8","12.7","12.4","12.8","13.2","13.2","13","13.2","13.4","13.9","13.6","13.7","13.6","13.3","11.9","13.3","14.3","14.7","14.8","15.2","15.4","15.3","15.7","16","16.2","16.3","16.4","16.8","16.9","16.9","17.2","17.9","18.3","18.6","18.7","19.2","19.6","19.7","19.5","19.7","19.3","19.1","18.9","19.5","19.5","19.5","19.5","19.9","19.8","19.8","19.6","19.8","19.7","19.5","19.3","19.7","19.7"
"Q","Quarterly","CZ","Czech Republic","P","Private non-financial sector","Q:CZ:P","13.8","12.9","12.4","11.4","10.4","10","9.9","9.4","9.3","9.3","8.2","8","7.8","7.5","7.4","7.4","7.1","6.7","6.4","6.2","6.1","5.9","5.9","5.8","5.8","5.8","5.7","5.7","5.9","5.9","5.8","6.1","6.1","6.1","6.3","6.7","6.8","7.1","7.4","7.7","7.5","7.6","7.6","7.7","7.6","7.6","7.5","7.4","7.3","7.4","7.4","7.5","7.5","7.5","7.6","7.8","7.9","8.1","8.1","8.2","8","7.9","7.8","7.7","7.7","7.6","7.5","7.3","7.2","7.3","7.3","7.3","7.3","7.2","7.2","7.2","7.2","7.4","7.5","7.5","7.7","7.8"
"Q","Quarterly","DE","Germany","H","Households & NPISHs","Q:DE:H","9.5","9.6","9.6","9.6","9.8","9.8","9.7","9.8","9.8","9.7","9.7","9.6","9.5","9.5","9.5","9.5","9.5","9.5","9.4","9.3","9.2","9.2","9.1","9.1","9","8.9","8.9","8.8","8.7","8.7","8.6","8.5","8.4","8.3","8.3","8.2","8.1","8","8","8","7.9","7.9","7.9","7.9","7.8","7.8","7.8","7.7","7.5","7.5","7.5","7.4","7.3","7.2","7.2","7.2","7.1","7.1","7","7","6.9","6.8","6.8","6.7","6.7","6.6","6.6","6.5","6.5","6.4","6.4","6.4","6.3","6.3","6.3","6.2","6.2","6.1","6.2","6.1","6.1","6.1"
"Q","Quarterly","DE","Germany","N","Non-financial corporations","Q:DE:N","25.1","25.4","25.9","26.6","26.4","27","27.3","28","26.7","25.6","24.4","23.8","24.3","24.5","24.8","24.6","24.9","25.5","25.5","26.1","24.8","23.6","22.9","22.3","22.6","22.6","22.5","21.7","21.5","21.3","21.3","20.5","20.2","20","19.6","19.9","19.9","19.9","20.3","20.8","21.6","22.2","22","21.4","21.1","20.9","20.8","20.2","19.1","18.7","18.3","18.5","18.4","18.7","19.5","19.6","20.1","20.1","20.3","20.4","20.5","21.1","21","20.8","21","20.8","20.7","20.4","20.5","20","20.1","19.8","19.9","20.4","20.6","21","21","21.1","21.3","21.5","22","23"
"Q","Quarterly","DE","Germany","P","Private non-financial sector","Q:DE:P","12.9","13.1","13.2","13.4","13.5","13.6","13.8","14","13.9","13.7","13.4","13.3","13.2","13.3","13.4","13.4","13.3","13.4","13.3","13.4","13","12.8","12.6","12.5","12.4","12.4","12.3","12.1","12.1","12","12","11.8","11.7","11.6","11.5","11.5","11.4","11.3","11.4","11.4","11.5","11.6","11.6","11.4","11.3","11.3","11.2","11","10.6","10.5","10.4","10.4","10.3","10.3","10.4","10.4","10.4","10.4","10.5","10.5","10.4","10.5","10.4","10.3","10.3","10.3","10.2","10.1","10.1","10","10","9.9","9.9","9.9","10","10","10","10","10","10","10.1","10.3"
"Q","Quarterly","DK","Denmark","H","Households & NPISHs","Q:DK:H","17.8","17.2","16.7","17.7","17","17.3","17.7","18.1","18.7","18.1","17.8","17.4","17.3","17.3","17.6","17.5","17","16.9","16.9","17.2","17.2","17.3","17.2","17.2","17.3","17.5","17.9","18.1","18.3","18.3","19.1","19.6","20.4","20.8","21.5","21.8","21.9","22.1","22.5","23.7","23.2","23.1","23.1","22.2","21.6","21.1","20.4","20.2","19.7","19.3","19.4","19.8","19.5","19.5","19","18.9","18.7","18.4","18.5","17.8","17.7","17.6","17.7","17.7","17.1","16.7","16.6","16.5","16.4","16.4","16.2","15.8","15.5","15.4","15.4","15.3","15.3","15.2","15.1","15","15.1","15.1"
"Q","Quarterly","DK","Denmark","N","Non-financial corporations","Q:DK:N","30.1","30.3","30.2","31.5","33.7","33.6","35.1","34.2","33.2","33.7","33.8","35","35.8","34.3","34.3","33.3","34","34","34.3","34.2","34.6","33.6","34.4","35.5","37.3","38.5","39.3","40.5","40.3","36.3","36.1","36.8","37.9","44.6","46.1","48.4","49","47.2","48.2","48.7","46.4","50.3","51.9","50.8","52.4","52.1","49.5","48.6","48","45.7","46.7","46","47.4","47.3","45.9","47","49.4","50.4","48.5","44.8","41.4","39.3","40.5","40.8","40.3","38.1","38.7","38.6","38.6","40.2","38.8","37.5","36.9","36","37.3","38.4","39","38.8","38.5","37.7","37.3","37.3"
"Q","Quarterly","DK","Denmark","P","Private non-financial sector","Q:DK:P","21.1","20.8","20.4","21.5","21.7","21.9","22.8","22.9","23","22.8","22.7","22.8","22.8","22.5","22.6","22.1","22.1","21.9","21.9","22","22.3","22.2","22.4","22.8","23.1","23.6","24.2","24.7","24.8","24.1","24.7","25.3","26.2","28.2","29.2","30.1","30.1","30","30.6","31.6","30.5","31.2","31.3","30.5","30.1","29.4","28.1","27.7","27.5","26.7","27.1","27.3","27.4","27.4","26.8","27","28.1","28.1","27.7","26.2","25.5","24.9","25.4","25.6","25","24","24.1","24","23.9","24.3","23.9","23.2","22.7","22.4","22.7","22.8","22.8","22.7","22.6","22.4","22.3","22.4"
"Q","Quarterly","ES","Spain","H","Households & NPISHs","Q:ES:H","6.1","5.4","5.4","6.1","5.6","5.6","5.9","6","6","6.1","6.4","6.4","6.3","6.4","6.5","6.3","6.4","6.8","6.8","6.9","6.9","7.2","7.3","7.5","7.7","8.1","8.2","8.4","8.7","9.2","9.6","10","10.2","10.6","11.1","11.1","11.3","11.4","11.7","11.3","11.3","11.1","10.5","10.2","9.7","9.5","9.4","9.6","9.3","9.4","9.2","9.2","9.3","9.3","9.1","9.2","8.9","8.7","8.7","8.5","8.3","8.3","8.2","8.1","7.7","7.6","7.3","7.4","7.1","7.1","6.9","6.9","6.7","6.7","6.5","6.5","6.4","6.4","6.3","6.4","6.2","6.1"
"Q","Quarterly","ES","Spain","N","Non-financial corporations","Q:ES:N","32.8","33.6","35.1","37.6","38.4","40.4","42.8","42.8","43.8","44.1","45.9","46.6","46.8","46.3","46.6","46.4","46.1","45.9","45.8","47.8","48.6","50","50.4","51.6","52.2","53.5","55.2","56.7","58","58.5","60.3","62.9","63.6","65.9","67.1","66.6","66","64.1","61.4","59.3","59.2","57","54.6","52.9","52","53.2","53.8","53.6","53.4","53.9","54","54.1","54.5","54.1","53.4","49.9","48.8","47.3","46.1","45.7","44.5","46","45.4","42.7","42.3","40","38.9","39.7","38.5","37.1","36.5","36.2","36.2","35.9","35.4","34.5","33.9","34.2","34.2","34.1","34.8","33.9"
"Q","Quarterly","ES","Spain","P","Private non-financial sector","Q:ES:P","11.6","11","11.5","12.8","12.4","12.7","13.5","13.6","13.9","14.1","14.7","14.8","14.6","14.7","14.7","14.8","14.7","15","15","15.4","15.5","16.1","16.2","16.7","17.2","17.8","18","18.5","19","19.9","20.7","21.6","22","23","23.9","23.9","24.1","24","24","23.4","23.4","22.4","21.7","21.3","20.9","21","21","21","20.7","20.9","20.8","20.8","20.8","20.8","20.4","19.8","19.4","18.8","18.5","18.3","18","18.1","17.8","17.2","16.9","16.3","15.9","15.9","15.4","15.2","14.9","14.8","14.7","14.6","14.3","14.1","13.9","13.9","13.8","13.7","13.8","13.4"
"Q","Quarterly","FI","Finland","H","Households & NPISHs","Q:FI:H","4.6","4.5","4.6","4.7","4.7","4.9","5.1","5.3","5.5","5.4","5.3","5.1","4.9","5.1","5.2","5.2","5.2","5.1","5.1","5.2","5.2","5.3","5.5","5.6","5.7","5.8","5.9","6.2","6.2","6.5","6.7","7","7.2","7.4","7.7","7.8","8","8.1","8.4","8.2","7.5","7.2","7","6.8","6.7","6.8","6.7","6.8","6.8","6.9","7","7","7","7","6.9","6.8","6.7","6.6","6.7","6.7","6.7","6.8","6.8","6.8","6.8","6.8","6.8","6.8","6.8","6.9","7","6.9","6.9","6.9","7","7.1","7.1","7.1","7.1","7.1","7.2","7.2"
"Q","Quarterly","FI","Finland","N","Non-financial corporations","Q:FI:N","31.2","31.4","30.6","31","31.7","33","34.6","35.4","35.7","33","32.9","31.1","31.1","34.3","32","31.2","29.6","31.1","32.2","32.2","35.5","31.9","31.4","29.8","29.3","30.3","29.6","30","30","30.5","31.5","31.5","31.3","31.1","30.5","30.7","31.1","33.2","35","37.9","39.4","40.1","38.7","38.5","38.1","38.3","38.3","36.6","37.5","38.1","38.6","39.4","40.4","39.9","40","40.9","42.2","44.1","43.5","43.2","42.7","40.5","39.6","41.3","40.6","41.9","43","41.8","42.9","41.1","39.9","38.5","38.2","39.9","39.5","39","39.6","36.8","36.7","35.9","36.2","34.7"
"Q","Quarterly","FI","Finland","P","Private non-financial sector","Q:FI:P","13.3","13.3","12.9","13.3","13.6","14.1","14.8","15.3","15.8","15.3","15.2","14.2","14.3","14.9","14.4","13.9","13.7","13.9","14.1","14.1","14.4","14.1","14","13.7","13.6","13.9","13.7","14.1","14","14.8","15.3","15.4","15.5","15.7","15.8","16.1","16.2","16.9","17.8","18.6","18.4","18","17","16.8","16.5","16.7","16.5","16.2","16.5","16.7","16.8","17.1","17.3","17.1","16.9","16.8","17.2","17.3","17.1","17.1","17.1","16.9","16.7","17.1","17.2","17.4","17.8","17.4","17.2","16.7","16.6","16.4","16.6","17","17","17.1","17.2","16.8","16.7","16.3","16.5","16.2"
"Q","Quarterly","FR","France","H","Households & NPISHs","Q:FR:H","4.7","4.8","4.8","4.8","4.8","4.8","4.8","4.7","4.7","4.7","4.7","4.7","4.7","4.7","4.7","4.7","4.7","4.7","4.7","4.7","4.7","4.7","4.8","4.8","4.9","5","5.1","5.1","5.2","5.3","5.4","5.4","5.5","5.6","5.6","5.8","5.8","5.9","6","6","6.1","6.1","6.1","6.2","6.2","6.2","6.2","6.3","6.3","6.3","6.3","6.4","6.4","6.4","6.4","6.4","6.4","6.5","6.5","6.5","6.5","6.4","6.4","6.4","6.4","6.4","6.4","6.4","6.3","6.3","6.3","6.3","6.3","6.2","6.2","6.3","6.3","6.3","6.3","6.3","6.3","6.3"
"Q","Quarterly","FR","France","N","Non-financial corporations","Q:FR:N","45.6","46.1","46.3","46.7","47.3","47.6","49.3","49.4","50","50.2","50.5","50.6","50.9","49.4","48.9","48.9","48.7","47.1","46.5","45.5","45.2","43.8","44","44.3","44.7","43.7","43.8","44.2","44.5","43.8","43.9","44.3","44.2","43.8","43.7","43.5","44.4","45.2","46.2","46.4","46","46.4","46.1","46.1","46.1","47.2","47.3","47","47.1","47.9","48.8","49.7","50.6","52.5","53","53.7","54.1","54.1","54.4","53.8","54.4","54.3","54.3","54.3","54.5","52.1","52.1","52.5","53.2","54.6","54.8","54.8","55.9","57.8","57.9","58.6","59.3","59.9","60.3","60.6","60.6","59.5"
"Q","Quarterly","FR","France","P","Private non-financial sector","Q:FR:P","15","15.1","15.3","15.5","15.8","16","16.4","16.5","16.7","16.9","16.9","16.8","16.7","16.5","16.3","16.2","16.2","16","15.8","15.6","15.5","15.4","15.4","15.4","15.5","15.6","15.7","15.8","16","16","16.1","16.3","16.4","16.5","16.6","16.7","16.9","17.1","17.4","17.4","17.3","17.2","17","17","16.9","16.9","16.9","17","17.1","17.3","17.6","17.8","17.9","18.1","18.1","18.2","18.2","18.3","18.4","18.3","18.5","18.6","18.6","18.6","18.8","18.5","18.5","18.7","18.8","19","19.1","19.1","19.3","19.5","19.5","19.6","19.8","19.9","20","20.1","20.1","20"
"Q","Quarterly","GB","United Kingdom","H","Households & NPISHs","Q:GB:H","8.8","8.6","8.6","8.9","9","9.1","9.1","9.1","9","8.9","9","9","8.9","8.9","9.2","9.3","9.3","9.4","9.6","9.8","10.1","10.3","10.8","11.1","11.3","11.4","11.5","11.5","11.5","11.6","12","12.2","12.4","12.5","12.8","12.8","12.8","12.6","12.8","12.5","11.7","11.3","11.3","11.2","10.9","10.8","10.7","10.6","10.5","10.4","10.4","10.3","10.1","10","10.1","10","9.9","9.9","9.8","9.7","9.5","9.4","9.4","9.3","9.2","9.2","9.1","9","9","9","9.1","9.1","9.1","9.1","9.2","9.1","9","8.9","9","8.9","8.8","8.9"
"Q","Quarterly","GB","United Kingdom","N","Non-financial corporations","Q:GB:N","31.8","32.8","33.3","35.4","36.6","39","40.1","39.5","40.8","40.1","39.8","39.6","39.9","39.3","40","39.3","37.9","37.8","37.7","37.4","37.9","37.7","38.6","39.3","39.5","40.2","40.9","41.3","41.6","42.9","43.9","43.5","43.8","43.7","44.9","46","45.8","44.5","44.1","46.8","45.6","44.3","45.6","43.5","44.1","43.1","42.3","40.4","38.7","38.2","38.4","37.7","40.2","40.8","40.9","39.9","39.7","39.7","39.4","39.7","38.6","36.7","36.2","36","36.3","35.4","35.2","35","35.3","36.8","38.7","37.7","36.9","36.1","35.7","36.2","35.6","35.3","35","35","34.3","34.7"
"Q","Quarterly","GB","United Kingdom","P","Private non-financial sector","Q:GB:P","14.2","14.2","14.3","14.8","15","15.5","15.8","15.8","16","15.7","15.8","15.7","15.8","15.6","16","16","15.8","15.8","16","16.1","16.4","16.5","16.9","17.3","17.6","17.9","18.2","18.4","18.4","18.7","19.3","19.4","19.5","19.5","20.1","20.2","20.3","19.9","20","20.3","19.2","18.3","18.5","18.1","18","17.6","17.5","17.2","16.9","16.8","16.7","16.5","16.8","16.7","16.8","16.5","16.5","16.4","16.2","16.1","15.7","15.2","15.2","15.1","15","14.6","14.5","14.4","14.6","14.8","15.1","15.1","15.1","15","15.1","15.1","14.8","14.7","14.6","14.6","14.4","14.5"
"Q","Quarterly","HK","Hong Kong SAR","P","Private non-financial sector","Q:HK:P","22.1","20.8","20.4","19.9","19.4","19.1","19.6","19","18.8","18.1","17.5","16.6","16.1","15.5","15","14.6","14.3","14.5","14.3","14.1","14.1","13.6","13.6","13.8","14","14.8","15","15.5","15.8","16.5","16.9","16.9","17.7","18.7","19.4","18.6","18.7","18.8","18.8","18","17","17.2","17.2","16.4","16.7","17.5","18.6","18.3","19.3","19.5","19.6","18.9","19.2","19.2","19.2","19","19.6","20.9","21.3","21","22.3","23.2","23.2","22.8","23.8","23.5","23.1","22.8","22.8","23","23.1","23.7","24.5","25.6","25.8","26.2","26.7","26.6","26.2","26.2","26.6","27.1"
"Q","Quarterly","HU","Hungary","P","Private non-financial sector","Q:HU:P","11.2","11.2","11","10.8","10.6","10.7","10.6","10.7","10.7","10.3","10.3","10.2","9.6","9.7","9.6","9.3","9.1","9.5","9.5","10.3","10.6","11.3","11.5","11.9","12.6","12.7","12.5","12.3","12","12.6","12.5","12.4","12.4","13","13.5","14.3","14.6","14","14.9","16.2","19.1","18","17.8","18.1","17.5","18","16.6","16.1","15.2","15.1","15.6","15.8","15.4","15.4","14.9","15.1","15.5","14.5","13.7","12.8","12.3","11.9","11.4","11","10.3","10.1","9.5","9.2","9","8.9","8.3","8.2","8","7.8","7.6","7.3","7.2","7.4","7.3","7.1","7","7.1"
"Q","Quarterly","ID","Indonesia","P","Private non-financial sector","Q:ID:P","25.7","15.3","14.7","10.6","8.8","8.2","7.1","6.6","6.4","6.2","5.4","5.3","4.9","4.6","4.6","4.6","4.4","4.1","4","3.9","3.7","3.9","3.8","3.8","3.6","3.6","4","3.7","3.5","3.6","3.4","3.4","3.2","3","3","3.1","3.1","3.3","3.4","3.5","3.4","3.3","3.2","3.2","3","3.1","3.1","3.2","3.1","3.2","3.4","3.4","3.5","3.6","3.6","3.7","3.7","3.8","4","4.2","4.1","4.3","4.4","4.5","4.4","4.5","4.6","4.7","4.5","4.5","4.5","4.5","4.3","4.3","4.2","4.2","4.1","4.2","4.2","4.2","4.2","4.2"
"Q","Quarterly","IN","India","P","Private non-financial sector","Q:IN:P","4.8","4.5","4.5","4.8","4.8","4.9","4.9","5.1","5.1","5","4.9","4.9","5","5.2","5","5","5","4.8","4.6","4.6","4.7","4.6","4.6","4.8","5","5","5.3","5.4","6","6","6.3","6.4","7","6.9","7.1","7.2","7.7","7.6","8","8.2","8.4","7.8","7.7","7.3","7.3","7.1","7.1","7.6","7.8","7.8","7.9","8.2","8.7","8.8","8.5","8.7","8.8","8.8","8.9","8.9","9","8.8","8.6","8.6","8.6","8.5","8.3","8.3","8.3","8","7.9","7.4","7.6","7.1","7.1","7","7.2","7.1","7.2","7.2","7.5","7.2"
"Q","Quarterly","IT","Italy","H","Households & NPISHs","Q:IT:H","3","2.9","2.9","3.2","3.2","3.4","3.6","3.7","3.6","3.6","3.6","3.5","3.4","3.5","3.5","3.5","3.5","3.5","3.5","3.6","3.7","3.9","3.9","4","4","4.1","4.2","4.3","4.5","4.6","4.7","4.9","4.9","4.9","5.1","5.2","5.2","5.2","5.3","5.2","5","5","5","5","5.1","5.1","5.2","5.2","5.2","5.3","5.4","5.4","5.3","5.3","5.3","5.2","5.1","4.9","4.8","4.8","4.9","4.8","4.8","4.7","4.6","4.5","4.5","4.5","4.5","4.5","4.5","4.5","4.4","4.4","4.4","4.3","4.3","4.3","4.3","4.3","4.4","4.3"
"Q","Quarterly","IT","Italy","N","Non-financial corporations","Q:IT:N","26.7","27.3","27.2","28.6","27.6","28.3","28.5","28.7","28.5","28.2","28.7","29.4","29.4","30.1","29.3","29.9","29.6","29.3","29","29.7","29.2","29.7","29.7","30.9","31.2","30.8","30.4","30.7","30.1","31.1","31.6","33.2","33.8","35","36.4","38.9","40.5","40","41","41.2","41.3","42.9","41.9","40.8","40.3","40.2","40","40","39.8","39.7","39.9","40.1","40.9","41.5","42","42.4","42.3","43.1","42.3","41.3","41","40.6","40.8","39.4","39.6","39","38.6","37.4","36.7","35.4","34.5","33.1","32.7","31.9","31.2","30.9","30.7","30.7","31","31.1","31.3","31.4"
"Q","Quarterly","IT","Italy","P","Private non-financial sector","Q:IT:P","9","9","9","9.6","9.4","9.8","10","10.2","10.1","10.1","10.1","10.1","10","10.3","10.2","10.3","10.1","10.2","10","10.3","10.3","10.5","10.6","11","11","11.1","11.1","11.2","11.2","11.3","11.4","11.8","12.1","12.3","12.7","13.5","13.7","13.7","13.9","13.8","13.2","13.2","12.9","12.8","12.8","12.9","13","13","13.1","13.2","13.3","13.3","13.3","13.3","13.3","13.3","13.2","13","12.9","12.6","12.7","12.5","12.5","12.1","12","11.7","11.7","11.4","11.3","11.2","11.1","10.8","10.8","10.5","10.4","10.3","10.3","10.3","10.3","10.3","10.3","10.2"
"Q","Quarterly","JP","Japan","H","Households & NPISHs","Q:JP:H","9","8.8","8.9","8.9","8.9","8.9","8.9","9","8.9","8.8","8.9","9","9","8.9","8.8","8.8","8.8","8.7","8.7","8.7","8.7","8.6","8.5","8.5","8.2","8.1","8.1","8.1","8.1","8","8","7.9","7.9","7.9","7.8","7.9","7.8","7.7","7.6","7.6","7.6","7.5","7.4","7.3","7.2","7.1","7.1","7.1","7.1","7","6.9","6.8","6.7","6.7","6.7","6.7","6.8","6.7","6.7","6.8","6.8","6.8","6.8","6.8","6.8","6.7","6.7","6.7","6.7","6.6","6.7","6.7","6.7","6.7","6.7","6.8","6.8","6.8","6.8","6.9","6.9","6.9"
"Q","Quarterly","JP","Japan","N","Non-financial corporations","Q:JP:N","62.1","60.6","59.2","59.2","56.6","54.3","53.1","52.1","51.6","51.1","51.3","51.8","51.2","50.1","48.2","47.5","46.2","45","43.8","43.5","41.7","40.3","39.1","38.8","40","39","39.3","39.3","39.1","38.6","38.6","38.5","38.1","36.8","36.9","37","36.9","37.1","37.4","38.8","39.6","40.2","40.8","40.9","39.6","38.1","36.7","35.7","35.6","36.4","37.4","38","37.9","36.5","36.7","36.5","35.9","35.1","34.7","34.5","34.3","34.3","34.7","34.9","34.2","32.9","32.1","31.9","31.9","32.2","32.7","33.2","33.2","32.6","32.1","31.7","31.3","31.6","32","32.4","32.5","32.6"
"Q","Quarterly","JP","Japan","P","Private non-financial sector","Q:JP:P","21","20.5","20.3","20.4","20","19.6","19.5","19.5","19.3","19.1","19.2","19.3","19.2","18.9","18.5","18.4","18.2","17.9","17.6","17.6","17.2","16.8","16.5","16.5","16.5","16.2","16.3","16.3","16.2","16","16.1","16.1","16","15.7","15.7","15.8","15.7","15.6","15.6","15.9","15.8","15.8","15.8","15.7","15.4","15.1","14.9","14.8","14.7","14.7","14.8","14.8","14.7","14.4","14.5","14.5","14.4","14.2","14.2","14.3","14.3","14.3","14.4","14.4","14.3","14","13.9","13.9","13.9","13.9","14","14.1","14.1","14","13.9","14","13.9","13.9","14.1","14.2","14.2","14.3"
"Q","Quarterly","KR","Korea","H","Households & NPISHs","Q:KR:H","9","8.8","8.6","8.5","8.8","8.8","9","9.3","9.8","10.2","10.5","10.8","10.9","11","11","10.7","10.2","9.8","9.5","9.3","9","8.9","9","9.3","9.7","10.2","10.5","10.7","10.7","10.9","11","11.2","11.2","11.4","11.5","11.6","11.6","11.7","11.6","11.6","11.7","11.9","12","12","12","11.9","11.9","11.8","11.7","11.7","11.6","11.6","11.4","11.3","11.2","11.2","11","11","10.9","10.9","10.8","10.7","10.7","10.8","10.7","10.7","10.7","10.6","10.5","10.6","10.9","11.2","11.4","11.7","11.8","11.8","11.8","11.7","11.7","11.7","11.8","11.9"
"Q","Quarterly","KR","Korea","N","Non-financial corporations","Q:KR:N","75.5","70.2","66","61.6","58.8","57.2","56.4","55.4","55.1","53.7","52.6","50.5","48.9","47.2","45.9","44.9","45.3","45.5","45.5","44.6","43.5","41.5","39.9","38","37.5","37.5","37.5","37.9","38.8","40.1","41.2","41.8","42.2","42.1","41.8","41.7","42.7","43.6","44.8","46","47.1","47.6","47.5","45.9","43.1","40.6","38.3","36.4","36.2","36.4","37.3","37.2","37.5","37.7","37.9","37.3","38.6","38.3","38.1","37.5","37.6","37.6","37.8","37.7","37.6","37.2","37.2","36.9","36.8","36.5","35.9","35.1","34.5","34.4","33.9","33.7","34.4","35.1","36","36.5","37","37.6"
"Q","Quarterly","KR","Korea","P","Private non-financial sector","Q:KR:P","24.9","23.6","22.8","21.9","21.6","21.3","21.3","21.2","21.3","21.1","20.9","20.5","20.1","19.8","19.5","19.1","18.9","18.6","18.4","18","17.7","17.3","17","16.7","16.8","17","17.1","17.3","17.5","17.9","18.2","18.6","18.8","19.1","19.3","19.5","19.9","20.3","20.6","21","21.2","21.4","21.5","21.3","20.8","20.3","19.9","19.4","19.3","19.4","19.5","19.4","19.4","19.4","19.4","19.2","19.5","19.3","19.2","19","18.9","18.9","19","18.9","18.8","18.7","18.6","18.5","18.4","18.4","18.4","18.4","18.5","18.6","18.6","18.6","18.8","18.9","19.1","19.2","19.4","19.6"
"Q","Quarterly","MX","Mexico","P","Private non-financial sector","Q:MX:P","9.6","9","8.1","7.6","7","6.7","6.2","5.9","5.7","5.2","4.9","4.7","4.3","4.1","4","3.9","3.8","3.6","3.5","3.4","3.3","3.2","3.2","3.1","3.2","3.2","3.2","3.3","3.3","3.3","3.3","3.3","3.4","3.4","3.5","3.6","3.6","3.6","3.7","3.9","4","3.9","3.8","3.6","3.5","3.5","3.4","3.4","3.4","3.3","3.5","3.5","3.4","3.4","3.4","3.5","3.4","3.5","3.6","3.7","3.7","3.7","3.7","3.7","3.7","3.8","3.9","4","4.1","4.2","4.4","4.5","4.4","4.5","4.7","5","5","5.2","5.1","5.2","5.3","5.4"
"Q","Quarterly","MY","Malaysia","P","Private non-financial sector","Q:MY:P","20.9","19.5","18.5","17","15.7","15","14.3","13.9","13.6","13.6","13.8","13.9","13.9","13.8","13.5","13.3","13","12.9","12.8","12.5","12.6","12.6","12.3","12","11.7","11.4","11.4","11.4","11.2","11.2","11.2","11.2","11.2","11.1","11.3","10.8","10.4","10.3","10.6","10.7","10.8","11","11.4","11.5","11.1","11","10.9","11.1","11","11.1","11.3","11.5","11.2","11.6","11.7","11.7","11.9","12.1","12.1","12.3","12.2","12.3","12.3","12.8","13","13.2","13.3","13.3","13.2","13.2","13.2","13.3","13.2","13.1","12.9","12.9","13","13.3","13.3","13.4","13.4","13.3"
"Q","Quarterly","NL","Netherlands","H","Households & NPISHs","Q:NL:H","13.4","13.6","14","14.4","14.3","14.6","14.8","14.9","15","14.9","14.6","14.7","14.6","14.8","15.1","15.2","15","15.1","15.3","15.6","15.6","15.6","15.8","16","16.1","16.4","16.4","16.6","16.5","16.7","17","17.2","17.6","17.1","17.3","17.4","17.6","17.5","17.8","18.3","18.5","18.7","19.1","19.1","18.8","19.2","19","19.3","19","18.8","19.1","18.9","19","19.1","19","19.1","18.9","18.7","18.6","18.3","18.2","17.9","17.8","17.8","18","17.8","17.6","17.5","17.4","17.2","17.1","16.8","16.6","16.5","16.4","16.3","16.1","15.9","15.7","15.5","15.3","15.1"
"Q","Quarterly","NL","Netherlands","N","Non-financial corporations","Q:NL:N","50.4","50.5","51","51.4","51.4","51.7","51.4","52","50.5","49.3","49.1","48.7","48.4","48.3","47.4","46.7","46.5","46","46.2","48","45.9","43.8","42.7","42","42","43.6","42.1","40.1","39.1","38.9","40.6","40.1","39.3","37.7","35.9","36.7","37.8","38.7","39.4","39.1","40.3","39.9","40.9","41.3","42.9","44.2","43.7","42.3","41.1","41.8","43.1","44.5","46","46.3","46.3","45.9","45.7","46.7","46.8","46.8","47.9","49.9","51.3","53.8","54.3","52.6","51.4","50.3","51.2","51.8","52.9","52.6","51.4","50.2","49.3","48.2","50","49.4","49.5","46.9","47.3","48.3"
"Q","Quarterly","NL","Netherlands","P","Private non-financial sector","Q:NL:P","23.4","23.6","24","24.3","24.4","24.7","24.9","25.2","25.4","25.1","24.7","24.6","24.3","24.3","24.4","24.3","24.1","24.1","24.3","25.1","24.9","24.4","24.4","24.4","24.5","25.2","25","24.7","24.4","24.3","24.9","24.8","24.8","24.2","24","24.2","24.8","24.8","25.1","25.3","25.8","25.9","26.4","26.6","26.9","27.6","27.5","27.4","26.9","27","27.8","28.1","28.6","28.8","29","28.8","28.6","28.7","28.8","28.6","28.7","28.9","29.4","30.2","30.7","30.1","29.8","29.4","29.5","29.4","29.7","29.4","29","28.6","28.4","27.9","28.2","27.8","27.7","27","27","27"
"Q","Quarterly","NO","Norway","H","Households & NPISHs","Q:NO:H","12","11.3","10.8","10.6","10.4","10.8","11.6","12.1","12.3","12.5","12.7","12.8","12.4","12.6","13.2","13.4","12.9","12.5","11.3","11.2","11","11","11.1","11.2","11.1","11","11.1","11.3","11.6","12.3","12.9","13.6","14.2","14.6","15","15.6","16","16.4","16.7","16.5","15.1","14.6","14.3","14.2","14","14","14.2","14.3","14.3","14.4","14.6","14.9","15","15.1","15.2","15.3","15.4","15.5","15.4","15.4","15.4","15.3","15.3","15.2","14.9","14.7","14.5","14.3","14.2","14.3","14.6","14.7","14.8","15","15.1","15.1","15.1","15.1","15.1","15.1","15.1","15.5"
"Q","Quarterly","NO","Norway","N","Non-financial corporations","Q:NO:N","52.5","53.6","52.7","51.8","49.9","48.2","47.9","45.4","44.6","44.4","43.4","44.1","45.3","46.1","47.5","48.1","48.4","48.8","47.1","45.7","46.5","46.9","46.7","45.2","43.9","42.3","40.5","39.7","38.9","38.6","38.7","38.6","40.6","42.8","43.8","45.9","47.8","48.6","49.4","51","51.8","53.5","53.9","54.1","54.3","55.6","55.8","55.9","56.4","56.3","55.8","55.2","57.3","56","54.6","53","51.3","49.5","47.1","45.2","44.2","43.4","42.9","42.9","43.6","44.1","44.7","45.7","46.1","46.9","47.8","48.4","48.2","48.1","47.5","47.3","46.9","46.8","46.1","46.2","46.1","46.3"
"Q","Quarterly","NO","Norway","P","Private non-financial sector","Q:NO:P","23.6","23.5","23.2","23.1","22.9","23.1","23.9","23.7","23.9","24.1","23.9","24.2","24.1","24.2","24.8","24.9","24.6","24.3","22.8","22.2","22.2","22.4","22.6","22.4","22.1","21.8","21.5","21.7","21.9","22.4","23.1","23.5","24.4","25.3","25.8","26.9","28.2","29","29.7","30","29.2","29.1","28.6","28.2","27.9","28.4","28.5","28.6","28.9","28.9","28.9","28.9","29.8","29.6","29.4","29.1","28.8","28.4","27.7","27","26.6","26.3","26.1","26","26","25.9","25.9","25.9","25.9","26.1","26.4","26.7","26.6","26.7","26.5","26.4","26.2","26.1","25.7","25.7","25.7","26.1"
"Q","Quarterly","PL","Poland","P","Private non-financial sector","Q:PL:P","8.2","7.9","7.9","7.9","8","8.7","8.6","8.7","8.9","8.9","9.1","8.7","8.4","8.5","8.4","8","7.7","7.2","6.9","6.5","6.3","6.1","5.9","5.4","5.2","5.2","5.1","5.1","5","5.2","5.4","5.5","5.5","5.7","6","6.2","6.4","6.7","7.1","8","8.4","8.1","7.8","7.5","7.5","7.7","7.5","7.5","7.4","7.5","7.9","8","8","8.1","8.1","8.2","8.1","8.2","8.1","7.8","7.8","7.8","7.8","7.8","7.8","7.7","7.7","7.6","7.6","7.6","7.5","7.7","7.5","7.4","7.3","7.2","7.2","7.2","7.2","7.1","7","6.9"
"Q","Quarterly","PT","Portugal","H","Households & NPISHs","Q:PT:H","7","7","7","7.2","7.3","7.7","8.2","8.9","9.5","9.9","10","9.9","9.7","9.5","9.3","9.3","9.1","9","8.7","8.7","8.8","8.8","8.9","8.9","8.9","9","9","9.1","9.3","9.5","9.8","10.2","10.3","10.6","10.8","11","11.1","11.2","11.2","11.1","10.6","9.8","9.5","9.2","9.2","9.3","9.4","9.5","9.6","9.7","9.9","10","9.8","9.7","9.4","9.1","8.9","8.6","8.5","8.5","8.6","8.5","8.4","8.2","7.8","7.6","7.4","7.3","7.2","7.1","7","6.9","6.8","6.7","6.8","6.7","6.6","6.5","6.5","6.4","6.4","6.4"
"Q","Quarterly","PT","Portugal","N","Non-financial corporations","Q:PT:N","46.9","47.3","47.4","47.2","48.6","48.1","49.6","50.9","52.7","54.1","54.1","55.5","55.8","56.7","57.5","58","57.8","54","50.2","49.7","50.2","50.6","51","51.4","50.7","52.3","52.5","51.6","51.2","51.2","51.2","49.1","50","50.8","51.4","53","56","56.9","56.9","61","61.1","60.6","58.7","57.9","56.1","54.8","54.2","53.4","54.1","55.8","56.1","58.5","59.4","59.6","60.2","59.5","57.9","58","56.5","55.2","54.5","53","52.4","51.3","50.8","51.1","49.8","50","48.1","47.3","46.9","46.9","46.2","45.8","45.7","44.6","43.6","43.6","43.9","43.8","43.7","43.7"
"Q","Quarterly","PT","Portugal","P","Private non-financial sector","Q:PT:P","14.3","14.3","14.3","14.3","14.6","14.9","15.5","16.3","17.1","17.7","17.9","17.9","17.8","17.6","17.6","17.8","17.8","17.4","16.8","16.7","16.9","17","17.1","17.2","17","17.3","17.3","17.3","17.6","17.7","18","18.3","18.6","19.1","19.4","20","20.6","21.2","21.2","21.5","21.1","20.3","19.8","19.3","19","19","18.9","19.2","19.7","20.1","20.6","20.9","21","20.9","20.8","20.7","20.2","20","19.7","19.5","19.3","19","18.7","18.5","18.2","17.9","17.6","17.4","17","16.7","16.4","16.1","16","15.8","15.8","15.5","15.2","15.1","15","14.8","14.8","14.7"
"Q","Quarterly","RU","Russia","P","Private non-financial sector","Q:RU:P","13.9","10.7","9.4","8.6","7.1","5.7","4.8","4.5","4.4","4.4","4.7","4.7","4.7","4.9","4.5","4.5","4.5","4.5","4.6","4.6","4.7","4.9","4.7","4.7","4.5","4.6","4.7","5.2","5","5.2","5","5.4","5.4","6.1","6.5","6.8","7.1","7.2","7.6","9.2","10.8","10","9.9","9.5","8.4","7.8","7.2","6.6","6.2","6","6.2","6.6","6.3","6.8","6.7","6.8","7.1","7.6","7.5","7.5","7.9","8.3","8.6","11.5","13.7","12","11.3","11.9","11.3","10.6","10.2","9.8","9.3","9","8.6","8.3","7.8","7.8","7.9","7.8","8","8"
"Q","Quarterly","SE","Sweden","H","Households & NPISHs","Q:SE:H","8.9","8.8","8.9","9","9","9.1","9","9.1","9.1","9.1","9.1","9","9","9.1","9.2","9.2","9.2","9.1","9.1","9.3","9.3","9.3","9.4","9.6","9.7","9.6","9.7","9.7","9.8","9.9","10.1","10.4","10.5","10.6","10.8","11","11.3","11.4","11.6","11.6","10.9","10.6","10.5","10.4","10.4","10.5","10.7","10.9","11.2","11.4","11.6","11.7","11.7","11.6","11.7","11.4","11.3","11.3","11.3","11.3","11.4","11.3","11.3","11.3","11.2","11.1","11.1","11.2","11.2","11.3","11.4","11.4","11.5","11.5","11.6","11.6","11.5","11.5","11.5","11.5","11.5","11.5"
"Q","Quarterly","SE","Sweden","N","Non-financial corporations","Q:SE:N","32.5","30.1","30.5","30.8","32.2","28.9","30","32.5","32.7","34.6","35.7","38.2","38","37","39.5","37.1","37.4","37.5","34.6","34","34.8","36.3","37.1","36","36.6","32.4","32.3","32.7","31.4","32.8","33.1","33.3","33.9","28.4","29.7","30","31.1","36.2","37.7","39","42.1","44.8","46.5","47.3","44.7","43.7","43","41.5","40.8","40.5","41.8","42.4","44.5","44.2","45.4","45.3","46.2","46","46.4","45.8","47.4","45.8","44.3","44.1","44.9","46.1","45.7","43.4","42.7","41","42.1","43.5","43.8","42.7","41.5","42.3","44.3","44.4","45.7","44.8","46.2","46"
"Q","Quarterly","SE","Sweden","P","Private non-financial sector","Q:SE:P","18.5","17.2","17.4","17.7","18.5","17.4","18.1","19.3","19.3","19.9","20","20.8","20.8","19.6","21.2","19.9","20.2","20.4","18.9","18.9","19.4","19","19.5","19.2","19.8","18.5","18.7","18.8","18.4","18.9","19.3","19.4","19.8","18.5","19.3","19.5","20","21.6","22.6","22.8","23.8","22.8","22.9","23.3","22.4","22.2","22.6","22.6","22.3","22.4","23.1","22.9","23.9","23.3","23.7","23","23.3","23.2","23.3","23.2","23.8","23.2","22.6","22.6","22.9","22.7","22.9","22.5","22.2","21.8","22","22.2","22.7","22.3","22.1","22.2","23","23","23.2","22.8","23.4","23.4"
"Q","Quarterly","TH","Thailand","P","Private non-financial sector","Q:TH:P","23.4","21.1","18.9","17.3","16.4","15","13.4","12.7","12.3","11.3","11.1","10.6","10.9","10.5","10.3","10.1","9.8","9.7","9.4","8.8","8.8","8.8","9.1","8.9","9","8.9","8.9","9","9.1","9.2","9.4","9.6","9.5","9.4","9.2","9.2","9","9","9","9.2","9","8.9","8.8","8.6","8.2","8.1","8","8.3","8.5","8.8","9.1","9.7","9.8","10.1","10.2","10.1","10","10.3","10.4","10.7","10.6","10.6","10.5","10.7","10.6","10.6","10.6","10.5","10.3","10.2","10.1","10.1","10","9.9","9.8","9.8","9.7","9.8","9.7","9.8","9.8","9.8"
"Q","Quarterly","TR","Turkey","P","Private non-financial sector","Q:TR:P","","","","","","","","","","","","","14.7","11.7","10.8","9.9","10.1","8.9","7.7","6.8","6.3","6.6","6.6","6","5.7","5.2","5.1","5.9","5.9","6.8","8.3","8.3","7.9","7.9","8","8.1","8.7","9.2","9.8","11.1","10.3","8.5","8","7.2","7","7.3","7.1","6.9","7.4","8.4","9.7","10.3","10.8","10.6","10.5","9.7","9.3","9.2","10","10.3","12","12.1","11.3","11.5","12.1","12.8","14","14.3","14.4","14.3","14","14.3","14.6","15.3","15.6","15.9","16.7","18.3","27.5","27.1","21.8","22.6"
"Q","Quarterly","US","United States","H","Households & NPISHs","Q:US:H","9.4","9.5","9.6","9.7","9.8","9.9","9.9","9.9","9.9","9.9","9.9","9.9","9.8","9.7","9.7","9.7","9.7","9.8","9.8","9.8","9.8","9.8","9.9","10.1","10.2","10.4","10.6","10.8","10.9","11","11.2","11.3","11.4","11.5","11.5","11.5","11.4","11.2","11.1","10.8","10.7","10.6","10.6","10.5","10.3","10.1","9.9","9.8","9.5","9.4","9.2","9.1","8.9","8.8","8.7","8.5","8.5","8.4","8.4","8.5","8.4","8.4","8.3","8.2","8.2","8.2","8.1","8.1","8","8.1","8.1","8.1","8.1","8.1","8.1","8.1","8","7.9","7.9","7.9","7.8","7.8"
"Q","Quarterly","US","United States","N","Non-financial corporations","Q:US:N","42.3","42.6","43.4","43.9","44.7","45.6","45.9","46.5","46.5","46.6","46.5","46.2","45.8","45.2","44.6","43.7","42.9","42.3","41.7","41.1","40.8","40.4","40.2","40","39.9","39.7","39.7","39.6","39.5","40","40.2","40.9","41.7","42.4","43.3","43.9","44.2","44.4","44.1","43.4","42.6","42.3","42.1","41.5","40.9","39.7","38.8","38","37.8","37.6","37.6","37.5","37.1","37","37","37","36.7","36.5","36.5","36.4","36.9","37.1","37.1","37.1","37.1","37.4","37.6","38.3","38.9","39.5","40.1","40.2","40.7","40.7","40.8","40.9","41","41.7","41.6","41.7","42.3","42.5"
"Q","Quarterly","US","United States","P","Private non-financial sector","Q:US:P","16","16.2","16.5","16.7","17","17.2","17.3","17.4","17.3","17.2","17.1","16.9","16.7","16.5","16.4","16.2","16","16","15.9","15.8","15.7","15.7","15.8","16","16.1","16.4","16.6","16.8","16.9","17.1","17.3","17.5","17.8","18","18.2","18.3","18.3","18.1","17.9","17.5","17.2","17","16.8","16.6","16.4","16.1","15.8","15.5","15.3","15.1","14.9","14.8","14.6","14.5","14.4","14.2","14.1","14.1","14.1","14.2","14.2","14.2","14.2","14.1","14.1","14.1","14.1","14.1","14.2","14.3","14.4","14.4","14.5","14.5","14.5","14.5","14.4","14.6","14.6","14.7","14.8","14.8"
"Q","Quarterly","ZA","South Africa","P","Private non-financial sector","Q:ZA:P","12.1","11.9","11.3","10.7","10","9.6","9.5","9.2","9","8.8","8.9","9.2","8.6","8.5","8.5","8.3","9","8.9","8.9","8.7","8.1","7.8","7.8","7.9","7.8","7.9","7.9","7.9","8.2","8.3","8.7","9","9.2","9.4","9.8","10.1","10.7","10.9","11","11.2","11.1","10.5","10.1","9.8","9.5","9.2","9","8.5","8.3","8.1","7.9","7.8","7.8","7.7","7.8","7.7","7.7","7.7","7.6","7.6","7.7","7.7","7.8","7.7","8","7.9","8","8.3","8.6","8.5","8.6","8.6","8.7","8.7","8.8","8.7","8.8","8.8","8.9","8.9","9.2","9.1"
